id,full_name,email,department
1,Franchot Greenroyd,fgreenroyd0@opensource.org,Legal
2,Rafferty Beaby,rbeaby1@so-net.ne.jp,Legal
3,Genna Levecque,glevecque2@histats.com,Business Development
4,Jenelle Gimbrett,jgimbrett3@diigo.com,Business Development
5,Calv Bram,cbram4@cafepress.com,Legal
6,Codi Hubbis,chubbis5@dedecms.com,Training
7,Raeann Gillyett,rgillyett6@storify.com,Human Resources
8,Ancell Doret,adoret7@privacy.gov.au,Engineering
9,Deva Mitcheson,dmitcheson8@eepurl.com,Product Management
10,Quinlan Stawell,qstawell9@oakley.com,Services
11,Sigismund Boule,sboulea@bbc.co.uk,Human Resources
12,Georgie Monsey,gmonseyb@free.fr,Product Management
13,Emile Vasilov,evasilovc@eepurl.com,Product Management
14,Latrena Cowmeadow,lcowmeadowd@si.edu,Product Management
15,Sharleen Wegner,swegnere@bbc.co.uk,Research and Development
16,Olly Rosander,orosanderf@newyorker.com,Engineering
17,Gabriello Seymark,gseymarkg@shinystat.com,Research and Development
18,Rosana Mussared,rmussaredh@sciencedirect.com,Support
19,Marice Gaisford,mgaisfordi@wikimedia.org,Support
20,Iago Flett,iflettj@abc.net.au,Legal
21,Engelbert McCurrie,emccurriek@people.com.cn,Human Resources
22,Linette Owers,lowersl@zimbio.com,Research and Development
23,Chloris Scones,csconesm@redcross.org,Sales
24,Clarie Frisel,cfriseln@nbcnews.com,Accounting
25,Muhammad Dilliston,mdillistono@i2i.jp,Services
26,Korella Kollasch,kkollaschp@liveinternet.ru,Product Management
27,Fayette Jeroch,fjerochq@timesonline.co.uk,Support
28,Addy McFade,amcfader@europa.eu,Accounting
29,Huey Cersey,hcerseys@slate.com,Services
30,Brittany Godsmark,bgodsmarkt@histats.com,Business Development
31,Man Mazzeo,mmazzeou@imgur.com,Services
32,Irita Daulby,idaulbyv@marketwatch.com,Human Resources
33,Darbee Snedker,dsnedkerw@aboutads.info,Business Development
34,Veronica Attril,vattrilx@unc.edu,Product Management
35,Grata Duny,gdunyy@youtu.be,Marketing
36,Berty Arrandale,barrandalez@github.io,Product Management
37,Nissy Capozzi,ncapozzi10@nsw.gov.au,Training
38,Leandra Emmert,lemmert11@geocities.jp,Services
39,Ken McCulloch,kmcculloch12@phpbb.com,Training
40,Doyle Parrott,dparrott13@chron.com,Support
41,Broderick Tillot,btillot14@miibeian.gov.cn,Support
42,Teodora Jaffa,tjaffa15@people.com.cn,Engineering
43,Perceval Prinnett,pprinnett16@example.com,Business Development
44,Marna Hoyles,mhoyles17@about.me,Legal
45,Dareen Jamson,djamson18@comcast.net,Business Development
46,Dael Feeham,dfeeham19@si.edu,Engineering
47,Russ Ilsley,rilsley1a@who.int,Support
48,Pauli Brabben,pbrabben1b@purevolume.com,Human Resources
49,Delmor Follett,dfollett1c@stumbleupon.com,Business Development
50,Berty Nazair,bnazair1d@cyberchimps.com,Engineering
51,Merrile Kemson,mkemson1e@last.fm,Human Resources
52,Lothario Attree,lattree1f@google.com.br,Services
53,Jeannie Pessel,jpessel1g@tiny.cc,Support
54,Wright Benjamin,wbenjamin1h@cbsnews.com,Product Management
55,Maurits Praten,mpraten1i@marriott.com,Business Development
56,Ketty Hurdiss,khurdiss1j@huffingtonpost.com,Support
57,Hal Percival,hpercival1k@independent.co.uk,Research and Development
58,Lorelei Byneth,lbyneth1l@bbb.org,Services
59,Barry Renihan,brenihan1m@upenn.edu,Sales
60,Matteo Sibbe,msibbe1n@so-net.ne.jp,Human Resources
61,Gretta Rollin,grollin1o@about.com,Engineering
62,Jana Southers,jsouthers1p@google.it,Engineering
63,Worden Ashplant,washplant1q@tripadvisor.com,Marketing
64,Leigha Gunther,lgunther1r@angelfire.com,Human Resources
65,Jaye Lyptratt,jlyptratt1s@gnu.org,Business Development
66,Lianna Birtwell,lbirtwell1t@ucoz.com,Marketing
67,Dianemarie Mays,dmays1u@domainmarket.com,Training
68,Jeniece Bault,jbault1v@youtube.com,Sales
69,Iorgo McGoon,imcgoon1w@ihg.com,Services
70,Cleavland Kirvell,ckirvell1x@weebly.com,Accounting
71,Albie Eddins,aeddins1y@admin.ch,Engineering
72,Stewart Macey,smacey1z@yellowbook.com,Accounting
73,Abbey Hopfner,ahopfner20@163.com,Engineering
74,Jennine Reasun,jreasun21@indiatimes.com,Support
75,Stafford Decroix,sdecroix22@ed.gov,Product Management
76,Adeline Fleetham,afleetham23@oaic.gov.au,Training
77,Niki Eggleston,neggleston24@example.com,Business Development
78,Avictor Jaram,ajaram25@nymag.com,Research and Development
79,Felecia Acome,facome26@google.com.hk,Support
80,Allistir Rochford,arochford27@mtv.com,Training
81,Sheridan Udey,sudey28@disqus.com,Training
82,Selig Glayzer,sglayzer29@macromedia.com,Legal
83,Trumaine Simond,tsimond2a@rambler.ru,Business Development
84,Sayer Beak,sbeak2b@marketwatch.com,Legal
85,Kathrine Chitham,kchitham2c@friendfeed.com,Product Management
86,Galvin Whitmore,gwhitmore2d@dell.com,Engineering
87,Lorraine Smelley,lsmelley2e@vk.com,Research and Development
88,Jobyna Simononsky,jsimononsky2f@skype.com,Sales
89,Maxie Kubicek,mkubicek2g@diigo.com,Accounting
90,Puff Shears,pshears2h@tiny.cc,Business Development
91,Rhodia Ordelt,rordelt2i@timesonline.co.uk,Research and Development
92,Burk Woolatt,bwoolatt2j@fastcompany.com,Legal
93,Carlita Harder,charder2k@house.gov,Product Management
94,Mike Rodenburgh,mrodenburgh2l@si.edu,Legal
95,Stormie Antrim,santrim2m@yolasite.com,Services
96,Broderic Sebborn,bsebborn2n@telegraph.co.uk,Product Management
97,Ritchie Faustin,rfaustin2o@mayoclinic.com,Research and Development
98,Adelind Christofor,achristofor2p@npr.org,Marketing
99,Marcille Snaith,msnaith2q@dmoz.org,Training
100,Gayelord Osbidston,gosbidston2r@youtube.com,Accounting
